semilla,aprobada,prueba_Medias,prueba_Varianza,prueba_Chi-cuadrado,prueba_Kolmogorov-Smirnov,prueba_Póker,prueba_Rachas,x_final,y_final,z_final,distancia_final,distancia_maxima,distancia_promedio,x_paso_1000,y_paso_1000,z_paso_1000,visitas_origen,tiempo_s
12345,True,True,True,True,True,True,True,-226,-304,1034,1101.203,1159.584,634.313,-10,-4,4,0,3.172
117074,True,True,True,True,True,True,True,279,295,-384,558.858,1035.201,534.773,-5,-14,-11,0,3.259
221803,True,True,True,True,True,True,True,-671,702,307,1018.476,1105.61,593.742,-19,-26,15,0,3.18
326532,True,True,True,True,True,True,True,-574,-149,-69,597.024,1141.018,687.569,-32,-10,10,2,3.272
431261,True,True,True,True,True,True,True,935,-423,318,1074.373,1232.501,741.627,-3,-5,4,0,3.194
535990,True,True,True,True,True,True,True,519,106,13,529.874,891.347,481.361,9,9,-2,0,3.36
640719,False,False,True,False,False,True,True,,,,,,,,,,,3.52
745448,True,True,True,True,True,True,True,42,413,-335,533.44,885.784,544.019,6,14,8,1,3.481
850177,True,True,True,True,True,True,True,-160,-14,-574,596.047,1127.552,594.911,-27,-10,13,5,3.481
954906,True,True,True,True,True,True,True,-285,-34,525,598.336,1158.185,667.554,-14,22,20,0,3.294
1059635,True,True,True,True,True,True,True,319,304,507,671.734,686.213,421.757,-14,2,-4,1,3.201
1164364,True,True,True,True,True,True,True,-453,60,1089,1180.987,1205.307,607.427,-6,-23,1,0,3.227
1269093,True,True,True,True,True,True,True,-412,865,737,1208.775,1245.534,611.264,2,17,1,2,3.295
1373822,True,True,True,True,True,True,True,235,-281,848,923.737,1049.595,622.21,12,-26,8,0,3.399
1478551,True,True,True,True,True,True,True,-357,352,-35,502.571,1056.149,563.481,-4,13,29,0,3.913
1583280,True,True,True,True,True,True,True,957,251,240,1018.062,1070.89,647.987,11,-3,12,3,3.372
1688009,True,True,True,True,True,True,True,-499,-374,313,697.744,791.771,365.387,-19,4,-9,1,3.754
1792738,True,True,True,True,True,True,True,459,-88,743,877.766,992.851,561.163,20,15,15,0,4.327
1897467,True,True,True,True,True,True,True,1154,709,503,1444.786,1743.376,946.321,-5,-4,-3,0,3.786
2002196,True,True,True,True,True,True,True,-416,46,-446,611.627,1006.724,534.997,3,-6,-5,0,3.297
2106925,True,True,True,True,True,True,True,677,-364,1295,1505.938,1514.037,746.058,5,6,9,0,3.263
2211654,False,True,True,True,True,True,False,,,,,,,,,,,3.329
2316383,True,True,True,True,True,True,True,922,-403,211,1028.112,1404.65,891.155,10,3,-3,0,3.346
2421112,False,True,True,True,False,True,True,,,,,,,,,,,3.266
2525841,True,True,True,True,True,True,True,-837,-541,270,1032.545,1048.128,514.532,-14,34,-2,0,3.403
2630570,True,True,True,True,True,True,True,54,-33,687,689.909,746.492,444.915,-1,7,8,4,3.376
2735299,True,True,True,True,True,True,True,-716,-251,591,961.737,1177.002,729.715,-17,-30,-9,0,3.261
2840028,True,True,True,True,True,True,True,230,299,-907,982.319,1314.749,866.109,-29,0,-3,0,3.653
2944757,False,True,True,True,True,False,True,,,,,,,,,,,4.009
3049486,True,True,True,True,True,True,True,214,862,-416,980.763,1266.386,911.792,5,1,-30,0,3.923
3154215,True,True,True,True,True,True,True,882,68,1218,1505.348,1591.39,1016.599,-7,20,15,1,3.739
3258944,True,True,True,True,True,True,True,-299,991,-1008,1444.834,1522.957,732.68,-24,26,-30,0,3.651
3363673,True,True,True,True,True,True,True,34,-617,439,758.001,805.155,479.111,2,-3,-39,0,3.464
3468402,False,True,True,True,True,True,False,,,,,,,,,,,3.418
3573131,True,True,True,True,True,True,True,437,-647,-448,900.157,938.775,537.354,45,35,4,1,4.148
3677860,True,True,True,True,True,True,True,1040,340,-38,1094.826,1183.869,607.771,-28,23,-21,0,3.389
3782589,True,True,True,True,True,True,True,-640,1475,77,1609.706,1813.181,918.886,5,-11,4,0,3.51
3887318,True,True,True,True,True,True,True,633,850,-159,1071.667,1118.013,564.53,34,6,-14,0,3.469
3992047,False,True,True,False,True,True,True,,,,,,,,,,,3.395
4096776,False,True,True,False,True,True,True,,,,,,,,,,,3.26
4201505,True,True,True,True,True,True,True,697,-379,138,805.291,1127.504,653.414,-23,8,25,0,3.364
4306234,True,True,True,True,True,True,True,857,-75,140,871.593,1115.544,690.824,21,24,31,0,3.529
4410963,True,True,True,True,True,True,True,-156,295,-275,432.419,732.67,456.445,-49,-3,22,0,3.794
4515692,True,True,True,True,True,True,True,-315,16,-171,358.778,732.151,353.202,21,-17,-6,0,3.413
4620421,True,True,True,True,True,True,True,-652,-161,-171,693.012,1131.424,691.689,-21,16,3,0,3.443
4725150,False,True,True,False,True,True,True,,,,,,,,,,,3.727
4829879,True,True,True,True,True,True,True,-230,-146,-6,272.492,723.786,436.554,-15,-20,7,1,3.369
4934608,True,True,True,True,True,True,True,625,19,-200,656.495,898.635,627.55,5,15,-40,0,3.417
5039337,True,True,True,True,True,True,True,525,354,303,701.962,828.407,542.863,-10,1,-5,1,3.391
5144066,True,True,True,True,True,True,True,-185,118,-105,243.257,725.764,339.719,-7,-27,30,0,4.124
5248795,True,True,True,True,True,True,True,1306,-438,488,1461.377,1482.717,830.576,-2,21,-55,0,3.378
5353524,False,True,True,True,False,True,True,,,,,,,,,,,3.723
5458253,True,True,True,True,True,True,True,-240,402,-374,599.233,939.966,344.173,-20,0,22,1,3.715
5562982,True,True,True,True,True,True,True,1208,-228,-40,1229.979,1253.586,611.658,-51,-1,-16,0,3.605
5667711,True,True,True,True,True,True,True,97,52,-305,324.25,616.893,325.948,-4,-17,-1,0,3.677
5772440,False,True,True,False,True,True,True,,,,,,,,,,,3.671
5877169,False,True,True,False,True,True,True,,,,,,,,,,,3.339
5981898,True,True,True,True,True,True,True,-389,55,-378,545.188,799.14,494.135,-1,-11,8,0,3.362
6086627,True,True,True,True,True,True,True,92,-2141,-643,2237.363,2271.733,1109.25,13,1,-12,4,3.446
6191356,True,True,True,True,True,True,True,6,508,-280,580.086,1110.732,666.567,-39,-2,13,0,4.321
6296085,False,True,True,True,True,True,False,,,,,,,,,,,3.516
6400814,True,True,True,True,True,True,True,-688,-263,-501,890.794,1194.113,553.146,6,3,3,0,3.732
6505543,True,True,True,True,True,True,True,720,434,70,843.597,949.342,512.313,-9,36,-1,1,3.875
6610272,True,True,True,True,True,True,True,-450,735,-559,1027.232,1370.634,803.443,-28,0,-4,0,3.895
6715001,True,True,True,True,True,True,True,-196,-458,-42,499.944,927.373,553.963,-8,37,3,1,3.963
6819730,True,True,True,True,True,True,True,772,-433,1027,1355.803,1712.289,976.337,24,9,5,0,5.262
6924459,True,True,True,True,True,True,True,-431,-508,-875,1099.75,1103.524,476.259,-1,-2,3,2,4.404
7029188,False,False,True,True,False,True,True,,,,,,,,,,,3.891
7133917,False,True,True,False,True,True,True,,,,,,,,,,,3.492
7238646,True,True,True,True,True,True,True,52,-432,-346,555.917,931.58,476.899,-21,0,19,0,3.209
7343375,True,True,True,True,True,True,True,-565,647,-10,859.031,890.97,352.452,39,19,14,1,3.309
7448104,True,True,True,True,True,True,True,-624,1256,182,1414.226,1694.337,985.18,17,-10,3,0,3.246
7552833,True,True,True,True,True,True,True,912,-1463,371,1763.449,1831.32,827.821,-3,2,21,0,3.332
7657562,True,True,True,True,True,True,True,-411,746,-759,1140.841,1184.625,749.75,5,-6,-13,0,3.364
7762291,True,True,True,True,True,True,True,1251,-1076,633,1767.333,1829.96,933.28,-9,-2,31,0,3.334
7867020,True,True,True,True,True,True,True,-81,-298,459,553.214,964.155,465.536,-2,-17,-27,1,3.216
7971749,True,True,True,True,True,True,True,-363,75,556,668.229,1057.172,432.83,30,38,24,2,3.469
8076478,False,True,True,True,True,False,True,,,,,,,,,,,3.361
8181207,True,True,True,True,True,True,True,480,700,-134,859.276,1019.327,542.155,48,-3,13,0,3.412
8285936,True,True,True,True,True,True,True,45,736,695,1013.285,1066.933,466.33,-16,-12,-2,0,3.39
8390665,True,True,True,True,True,True,True,-189,194,1423,1448.546,1481.004,715.681,-1,3,-2,1,4.163
8495394,True,True,True,True,True,True,True,-308,-970,-438,1107.975,1218.663,617.444,8,10,-30,0,4.489
8600123,True,True,True,True,True,True,True,-289,445,-210,570.654,706.797,374.214,4,5,5,0,4.953
8704852,False,True,True,True,True,False,True,,,,,,,,,,,6.171
8809581,False,False,True,True,True,True,True,,,,,,,,,,,11.342
8914310,True,True,True,True,True,True,True,663,462,249,845.585,1139.676,561.558,13,3,-6,1,11.466
9019039,True,True,True,True,True,True,True,181,-1056,369,1133.163,1217.196,642.888,-1,-9,-12,0,11.368
9123768,True,True,True,True,True,True,True,-835,229,-244,899.557,1207.764,674.815,5,4,-37,0,11.505
9228497,False,True,True,True,True,False,True,,,,,,,,,,,11.123
9333226,True,True,True,True,True,True,True,-1059,345,-668,1298.742,1349.066,837.533,1,-31,-6,0,11.5
9437955,True,True,True,True,True,True,True,249,377,182,487.087,1058.013,524.742,-30,-4,2,0,11.387
9542684,True,True,True,True,True,True,True,-469,-36,473,667.073,1063.61,699.6,9,8,-3,0,11.512
9647413,False,True,True,True,False,False,False,,,,,,,,,,,9.976
9752142,True,True,True,True,True,True,True,-659,-468,-565,986.169,1220.051,588.693,-12,27,-5,0,3.081
9856871,True,True,True,True,True,True,True,278,396,-980,1092.932,1394.556,799.65,-22,-28,10,0,2.912
9961600,True,True,True,True,True,True,True,479,-158,57,507.596,928.583,514.585,-1,-43,4,0,2.918
10066329,False,True,True,True,True,True,False,,,,,,,,,,,2.84
10171058,True,True,True,True,True,True,True,-181,345,300,491.717,630.735,344.682,4,12,4,2,2.897
10275787,True,True,True,True,True,True,True,-1443,387,356,1535.824,1754.459,926.188,13,5,26,1,2.852
10380516,True,True,True,True,True,True,True,533,-726,137,911.007,1045.483,530.065,31,-13,6,1,2.786
